{
  "1385899507572670555": {
    "lastBotMessageTime": 1754216668963,
    "lastChannelActivity": 0,
    "pendingMessage": false
  },
  "1389478173363929189": {
    "lastBotMessageTime": 1754208963066,
    "lastChannelActivity": 0,
    "pendingMessage": true
  },
  "1389144837114302495": {
    "lastBotMessageTime": 1754216704984,
    "lastChannelActivity": 0,
    "pendingMessage": false
  },
  "1208519639911637033": {
    "lastBotMessageTime": 1754216155735,
    "lastChannelActivity": 0,
    "pendingMessage": true
  },
  "1369721387987505203": {
    "lastBotMessageTime": 1754216723492,
    "lastChannelActivity": 0,
    "pendingMessage": false
  }
}