{
  "1365731632534917141": {
    "lastBotMessageTime": 1753986784436,
    "lastChannelActivity": 0,
    "pendingMessage": false
  },
  "1369721387987505203": {
    "lastBotMessageTime": 1754216700774,
    "lastChannelActivity": 0,
    "pendingMessage": false
  },
  "1385899507572670555": {
    "lastBotMessageTime": 1754216720084,
    "lastChannelActivity": 0,
    "pendingMessage": true
  },
  "1333096804589375549": {
    "lastBotMessageTime": 1754216698991,
    "lastChannelActivity": 0,
    "pendingMessage": false
  },
  "1375650389671542995": {
    "lastBotMessageTime": 1754197310940,
    "lastChannelActivity": 0,
    "pendingMessage": false
  },
  "1372798587611648000": {
    "lastBotMessageTime": 1754216665218,
    "lastChannelActivity": 0,
    "pendingMessage": false
  },
  "1376864541744431144": {
    "lastBotMessageTime": 1754197104309,
    "lastChannelActivity": 0,
    "pendingMessage": false
  },
  "1373272140526256229": {
    "lastBotMessageTime": 1754216551719,
    "lastChannelActivity": 0,
    "pendingMessage": false
  },
  "1372546116930900080": {
    "lastBotMessageTime": 1754216501700,
    "lastChannelActivity": 0,
    "pendingMessage": false
  },
  "1268315944141324369": {
    "lastBotMessageTime": 1754216688787,
    "lastChannelActivity": 0,
    "pendingMessage": false
  },
  "1208519639911637033": {
    "lastBotMessageTime": 1754216280917,
    "lastChannelActivity": 0,
    "pendingMessage": false
  }
}